session_id;participant_id;date;time_of_day;minute_index;blink_count;raw_blink_timestamps
01f9ac94;P01;2/12/25;08:02:02;1;6;[1764680493.938213, 1764680498.166259, 1764680498.805484, 1764680499.500603, 1764680507.840777, 1764680520.670314]
01f9ac94;P01;2/12/25;08:03:02;2;6;[1764680493.938213, 1764680498.166259, 1764680498.805484, 1764680499.500603, 1764680507.840777, 1764680520.670314, 1764680527.2241678, 1764680555.624326, 1764680556.598701, 1764680557.034432, 1764680557.1340318, 1764680562.7187278]
01f9ac94;P01;2/12/25;08:04:02;3;11;[1764680493.938213, 1764680498.166259, 1764680498.805484, 1764680499.500603, 1764680507.840777, 1764680520.670314, 1764680527.2241678, 1764680555.624326, 1764680556.598701, 1764680557.034432, 1764680557.1340318, 1764680562.7187278, 1764680587.647837, 1764680588.681684, 1764680589.47854, 1764680590.278784, 1764680592.173501, 1764680594.407448, 1764680600.743414, 1764680602.954517, 1764680609.7836502, 1764680632.158784, 1764680635.67406]
01f9ac94;P01;2/12/25;08:05:02;4;9;[1764680493.938213, 1764680498.166259, 1764680498.805484, 1764680499.500603, 1764680507.840777, 1764680520.670314, 1764680527.2241678, 1764680555.624326, 1764680556.598701, 1764680557.034432, 1764680557.1340318, 1764680562.7187278, 1764680587.647837, 1764680588.681684, 1764680589.47854, 1764680590.278784, 1764680592.173501, 1764680594.407448, 1764680600.743414, 1764680602.954517, 1764680609.7836502, 1764680632.158784, 1764680635.67406, 1764680645.166687, 1764680650.479862, 1764680660.312908, 1764680663.887563, 1764680683.898061, 1764680688.300551, 1764680689.031871, 1764680693.8555741, 1764680696.633208]
01f9ac94;P01;2/12/25;08:06:02;5;8;[1764680493.938213, 1764680498.166259, 1764680498.805484, 1764680499.500603, 1764680507.840777, 1764680520.670314, 1764680527.2241678, 1764680555.624326, 1764680556.598701, 1764680557.034432, 1764680557.1340318, 1764680562.7187278, 1764680587.647837, 1764680588.681684, 1764680589.47854, 1764680590.278784, 1764680592.173501, 1764680594.407448, 1764680600.743414, 1764680602.954517, 1764680609.7836502, 1764680632.158784, 1764680635.67406, 1764680645.166687, 1764680650.479862, 1764680660.312908, 1764680663.887563, 1764680683.898061, 1764680688.300551, 1764680689.031871, 1764680693.8555741, 1764680696.633208, 1764680706.841564, 1764680723.514753, 1764680727.81665, 1764680727.915622, 1764680728.053546, 1764680728.182843, 1764680730.144861, 1764680731.1228192]
e0189438;P01;2/12/25;08:10:55;1;2;[1764681004.232613, 1764681032.5160792]
e0189438;P01;2/12/25;08:11:55;2;5;[1764681004.232613, 1764681032.5160792, 1764681057.775421, 1764681107.4808881, 1764681112.044338, 1764681113.120926, 1764681114.755334]
e0189438;P01;2/12/25;08:12:55;3;1;[1764681004.232613, 1764681032.5160792, 1764681057.775421, 1764681107.4808881, 1764681112.044338, 1764681113.120926, 1764681114.755334, 1764681147.297811]
e0189438;P01;2/12/25;08:13:55;4;1;[1764681004.232613, 1764681032.5160792, 1764681057.775421, 1764681107.4808881, 1764681112.044338, 1764681113.120926, 1764681114.755334, 1764681147.297811, 1764681190.250129]
e0189438;P01;2/12/25;08:14:55;5;3;[1764681004.232613, 1764681032.5160792, 1764681057.775421, 1764681107.4808881, 1764681112.044338, 1764681113.120926, 1764681114.755334, 1764681147.297811, 1764681190.250129, 1764681238.26915, 1764681249.1529431, 1764681292.539711]
7173fffd;P01;8/12/25;19:45:30;1;23;[1765241076.779078, 1765241078.375484, 1765241079.444305, 1765241087.805964, 1765241088.3355598, 1765241089.241858, 1765241089.731731, 1765241090.099636, 1765241090.5931468, 1765241092.849175, 1765241093.590188, 1765241093.874349, 1765241094.412856, 1765241095.062023, 1765241099.3699892, 1765241100.610365, 1765241102.5398872, 1765241107.335574, 1765241123.8466449, 1765241124.269943, 1765241125.1301062, 1765241125.4087849, 1765241125.524977]
7173fffd;P01;8/12/25;19:46:30;2;6;[1765241140.2051342, 1765241140.66129, 1765241146.277615, 1765241146.604316, 1765241147.671947, 1765241158.9459252]
7173fffd;P01;8/12/25;19:47:30;3;32;[1765241210.6043, 1765241222.669024, 1765241223.404224, 1765241223.645347, 1765241224.470725, 1765241224.8008902, 1765241229.992437, 1765241230.217752, 1765241230.534742, 1765241231.061328, 1765241232.1402931, 1765241232.753747, 1765241233.194125, 1765241233.529897, 1765241236.805825, 1765241237.470089, 1765241237.670453, 1765241237.914755, 1765241238.194366, 1765241238.9477901, 1765241239.2759411, 1765241241.111596, 1765241241.271403, 1765241241.939083, 1765241242.143702, 1765241242.4683468, 1765241243.0791628, 1765241246.80865, 1765241247.143265, 1765241247.7966468, 1765241248.774154, 1765241250.4666371]
7173fffd;P01;8/12/25;19:48:30;4;84;[1765241256.618488, 1765241258.778935, 1765241259.069327, 1765241259.195151, 1765241259.476801, 1765241259.604589, 1765241261.982267, 1765241268.899474, 1765241269.109411, 1765241270.25474, 1765241272.194574, 1765241272.8038871, 1765241273.372747, 1765241274.530148, 1765241274.6430562, 1765241274.84721, 1765241275.1488252, 1765241275.5129678, 1765241275.673646, 1765241275.7925131, 1765241276.131901, 1765241276.448204, 1765241277.073621, 1765241277.1874309, 1765241277.8038888, 1765241278.130558, 1765241278.5556831, 1765241278.992287, 1765241279.119284, 1765241279.2352378, 1765241279.398014, 1765241279.736446, 1765241280.27263, 1765241282.317903, 1765241283.590349, 1765241283.993834, 1765241284.405437, 1765241284.536812, 1765241285.310951, 1765241285.6799748, 1765241285.7941701, 1765241286.368505, 1765241286.6685052, 1765241286.997129, 1765241289.611645, 1765241292.735026, 1765241292.977076, 1765241293.258376, 1765241293.3876119, 1765241293.594205, 1765241294.034928, 1765241294.211311, 1765241294.7807, 1765241294.9875252, 1765241297.074652, 1765241297.314551, 1765241297.64577, 1765241298.9209542, 1765241299.13313, 1765241299.246177, 1765241300.599736, 1765241300.934794, 1765241301.0485601, 1765241301.472382, 1765241301.672447, 1765241302.07679, 1765241302.768938, 1765241302.948734, 1765241303.474763, 1765241303.7196019, 1765241304.212536, 1765241304.780768, 1765241304.902512, 1765241305.317688, 1765241306.046787, 1765241306.712277, 1765241306.878005, 1765241307.081739, 1765241307.3299, 1765241308.517167, 1765241308.838366, 1765241309.0434518, 1765241309.753999, 1765241310.3960419]
e788e8f4;P01;10/12/25;15:13:24;1;1;[1765397548.951298]
e788e8f4;P01;10/12/25;15:14:24;2;1;[1765397607.588944]
e788e8f4;P01;10/12/25;15:15:24;3;4;[1765397668.518614, 1765397702.5008168, 1765397709.8414981, 1765397712.954138]
e788e8f4;P01;10/12/25;15:16:24;4;0;[]
e788e8f4;P01;10/12/25;15:17:24;5;4;[1765397792.8216121, 1765397809.7550552, 1765397810.052453, 1765397812.093942]
cab7aece;P01;9/12/25;19:05:34;1;5;[1765325078.582293, 1765325097.8140218, 1765325128.9307442, 1765325130.6163762, 1765325133.809979]
cab7aece;P01;9/12/25;19:06:34;2;10;[1765325141.844376, 1765325146.478684, 1765325158.531948, 1765325160.458696, 1765325165.545486, 1765325170.916991, 1765325173.212697, 1765325182.5173042, 1765325192.399179, 1765325193.997101]
cab7aece;P01;9/12/25;19:07:35;3;8;[1765325196.250853, 1765325206.6666749, 1765325216.587876, 1765325217.243972, 1765325241.311679, 1765325241.4747572, 1765325245.7836318, 1765325248.1170728]
cab7aece;P01;9/12/25;19:08:34;4;6;[1765325256.3158941, 1765325274.109958, 1765325280.670723, 1765325281.245007, 1765325298.674206, 1765325304.1234958]
cab7aece;P01;9/12/25;19:09:35;5;10;[1765325332.1263812, 1765325335.407337, 1765325336.475883, 1765325344.9207628, 1765325350.247241, 1765325350.944803, 1765325352.790995, 1765325359.680066, 1765325362.0147772, 1765325373.7405329]
a559b3e6;P01;11/12/25;08:09:26;1;8;[1765458509.404185, 1765458509.731444, 1765458510.839246, 1765458514.9392588, 1765458515.103016, 1765458515.187059, 1765458515.2686741, 1765458519.8602061]
a559b3e6;P01;11/12/25;08:10:26;2;5;[1765458568.815362, 1765458570.331834, 1765458571.316719, 1765458603.092374, 1765458605.017889]
a559b3e6;P01;11/12/25;08:11:26;3;2;[1765458655.9405499, 1765458656.1869051]
a559b3e6;P01;11/12/25;08:12:26;4;3;[1765458689.152971, 1765458690.053851, 1765458695.096749]
a559b3e6;P01;11/12/25;08:13:26;5;27;[1765458749.21775, 1765458749.6286879, 1765458762.831435, 1765458763.6087291, 1765458763.732605, 1765458764.305295, 1765458764.3876522, 1765458764.554176, 1765458764.634062, 1765458764.714903, 1765458765.00259, 1765458765.1685681, 1765458765.453662, 1765458765.6196191, 1765458765.863153, 1765458765.985718, 1765458766.1908998, 1765458766.314844, 1765458766.764622, 1765458766.8886101, 1765458770.333036, 1765458770.457528, 1765458770.578799, 1765458770.987746, 1765458771.193409, 1765458772.218347, 1765458801.535361]
a6f3c46a;P01;10/12/25;14:57:27;1;0;[]
a6f3c46a;P01;10/12/25;14:58:27;2;2;[1765396650.224063, 1765396653.0063732]
a6f3c46a;P01;10/12/25;14:59:27;3;0;[]
a6f3c46a;P01;10/12/25;15:00:27;4;16;[1765396768.873261, 1765396770.058694, 1765396770.38173, 1765396770.691563, 1765396771.0847292, 1765396771.775467, 1765396772.14843, 1765396772.3151329, 1765396783.6770089, 1765396813.476613, 1765396813.927923, 1765396816.025022, 1765396816.3530922, 1765396817.412343, 1765396817.741948, 1765396818.936867]
a6f3c46a;P01;10/12/25;15:01:27;5;11;[1765396837.133368, 1765396838.08032, 1765396839.382952, 1765396839.555167, 1765396840.208593, 1765396848.1197288, 1765396848.527234, 1765396848.953612, 1765396882.721864, 1765396885.266221, 1765396886.0126789]
a5b12039;P01;11/12/25;07:42:18;1;4; [1765456888.903352, 1765456901.327507, 1765456901.4514718, 1765456903.704679]
a5b12039;P01;11/12/25;07:43:18;2;7;[1765456960.2045178, 1765456960.4487329, 1765456960.5725682, 1765456966.516704, 1765456967.459517, 1765456970.781014, 1765456985.625401]
a5b12039;P01;11/12/25;07:44:18;3;0;[]
a5b12039;P01;11/12/25;07:45:18;4;3;[1765457066.476313, 1765457066.720523, 1765457066.8025799]
a5b12039;P01;11/12/25;07:46:18;5;3;[1765457137.446176, 1765457142.574202, 1765457143.5959501]
903308a5;P01;11/12/25;07:49:45;1;4;[1765457330.741759, 1765457353.905241, 1765457366.123862, 1765457383.098552]
903308a5;P01;11/12/25;07:50:45;2;3;[1765457397.406731, 1765457410.034451, 1765457419.630943]
903308a5;P01;11/12/25;07:51:45;3;5;[1765457460.424299, 1765457464.647965, 1765457465.0164962, 1765457467.4777322, 1765457472.232254]
903308a5;P01;11/12/25;07:52:45;4;1;[1765457522.337353]
903308a5;P01;11/12/25;07:53:45;5;0;[]
f918603d;P01;11/12/25;17:45:55;1;71;[1765493095.444754, 1765493096.633544, 1765493099.091228, 1765493101.632975, 1765493102.5747101, 1765493103.148295, 1765493104.219454, 1765493104.706244, 1765493105.693748, 1765493110.281121, 1765493110.5695271, 1765493111.021348, 1765493111.2259898, 1765493111.638516, 1765493111.8846452, 1765493112.170184, 1765493112.416142, 1765493112.8256252, 1765493112.946242, 1765493113.074164, 1765493113.279401, 1765493113.8080692, 1765493114.628632, 1765493114.880417, 1765493116.2706618, 1765493116.556221, 1765493120.164444, 1765493120.493003, 1765493121.10944, 1765493121.478333, 1765493124.958879, 1765493125.1660118, 1765493125.494966, 1765493125.69937, 1765493126.27707, 1765493126.561119, 1765493126.889735, 1765493127.093436, 1765493127.33745, 1765493127.5063329, 1765493127.870222, 1765493129.0183911, 1765493129.429677, 1765493129.6360378, 1765493130.499413, 1765493130.711902, 1765493130.824526, 1765493131.075356, 1765493131.485662, 1765493131.687436, 1765493131.972642, 1765493132.6274712, 1765493132.878922, 1765493133.082885, 1765493133.2907012, 1765493133.40883, 1765493133.6123478, 1765493134.6383328, 1765493135.745078, 1765493136.153503, 1765493136.36917, 1765493137.101179, 1765493137.516093, 1765493137.628901, 1765493137.839009, 1765493138.408761, 1765493142.311717, 1765493147.756493, 1765493150.3381472, 1765493153.172251, 1765493154.030688]
f918603d;P01;11/12/25;17:46:55;2;49;[1765493155.5456378, 1765493157.555053, 1765493158.416451, 1765493159.157726, 1765493159.277875, 1765493161.4104362, 1765493162.6421492, 1765493164.156119, 1765493164.402113, 1765493166.7395499, 1765493169.0431402, 1765493170.753015, 1765493173.1336, 1765493175.63636, 1765493176.9478679, 1765493178.956799, 1765493180.801604, 1765493182.359519, 1765493183.102135, 1765493184.167975, 1765493185.273653, 1765493186.623679, 1765493187.9350772, 1765493188.679777, 1765493189.739674, 1765493190.686096, 1765493191.298569, 1765493191.420366, 1765493191.753609, 1765493191.957391, 1765493193.8843782, 1765493195.234774, 1765493197.040093, 1765493197.369388, 1765493205.810962, 1765493206.633667, 1765493207.0006132, 1765493207.1659431, 1765493207.370503, 1765493207.615733, 1765493208.148604, 1765493213.067415, 1765493213.2728992, 1765493213.4785678, 1765493213.600731, 1765493214.010746, 1765493214.421, 1765493214.957597, 1765493215.0759082]
f918603d;P01;11/12/25;17:47:55;3;67;[1765493215.366387, 1765493215.690509, 1765493218.972831, 1765493219.303345, 1765493219.5088818, 1765493219.955981, 1765493220.406098, 1765493220.6980522, 1765493220.817033, 1765493222.0051699, 1765493222.173087, 1765493222.50469, 1765493222.8267488, 1765493223.0729432, 1765493223.977, 1765493224.099187, 1765493225.285876, 1765493225.409597, 1765493225.740555, 1765493226.639672, 1765493230.2897139, 1765493232.090206, 1765493232.21694, 1765493232.4204428, 1765493232.870213, 1765493233.572148, 1765493234.146366, 1765493234.634421, 1765493234.83979, 1765493235.379814, 1765493235.907383, 1765493236.9760482, 1765493238.816007, 1765493239.2683709, 1765493239.473687, 1765493239.882678, 1765493240.005808, 1765493240.290506, 1765493241.807167, 1765493242.753566, 1765493243.039592, 1765493245.2937899, 1765493245.746773, 1765493246.1559172, 1765493246.278286, 1765493248.042536, 1765493248.2873542, 1765493248.492806, 1765493248.6975622, 1765493248.9071941, 1765493249.230388, 1765493253.6998389, 1765493253.948711, 1765493254.066808, 1765493259.155679, 1765493260.0951319, 1765493260.873009, 1765493261.040781, 1765493261.490394, 1765493261.900604, 1765493262.226923, 1765493262.801007, 1765493263.005173, 1765493263.1756349, 1765493263.620995, 1765493264.2785642, 1765493268.295973]
f918603d;P01;11/12/25;17:48:55;4;29;[1765493275.5675871, 1765493278.107936, 1765493278.519561, 1765493278.846924, 1765493278.973713, 1765493279.180554, 1765493283.160966, 1765493284.838918, 1765493289.2293062, 1765493289.7210429, 1765493289.967116, 1765493290.132386, 1765493290.665938, 1765493291.362346, 1765493293.699497, 1765493294.193919, 1765493295.298774, 1765493297.722133, 1765493314.778945, 1765493316.706402, 1765493318.920585, 1765493319.537187, 1765493320.398699, 1765493321.468579, 1765493321.710921, 1765493322.529278, 1765493323.1872709, 1765493323.636632, 1765493324.169158]
f918603d;P01;11/12/25;17:49:55;5;29;[1765493357.383243, 1765493361.603931, 1765493361.766426, 1765493362.5869062, 1765493363.121763, 1765493363.4126048, 1765493363.6719239, 1765493378.661852, 1765493379.858328, 1765493379.9745998, 1765493381.3385532, 1765493381.570071, 1765493381.870625, 1765493383.0097542, 1765493384.532321, 1765493385.270968, 1765493386.004622, 1765493386.3395488, 1765493387.484653, 1765493389.236568, 1765493390.929906, 1765493391.134162, 1765493391.24927, 1765493391.461461, 1765493391.669833, 1765493393.588408, 1765493393.8731678, 1765493393.9976819, 1765493394.243872]
5b3a19c9;P09;13/12/25;22:08:01;1;30;[1765681625.045574, 1765681632.949706, 1765681635.312427, 1765681635.380703, 1765681635.646382, 1765681636.480725, 1765681637.94707, 1765681640.750852, 1765681641.752697, 1765681641.9163892, 1765681642.787243, 1765681647.652843, 1765681648.886411, 1765681650.4878788, 1765681650.921678, 1765681651.054508, 1765681651.158596, 1765681651.323116, 1765681651.422718, 1765681651.4887302, 1765681651.721345, 1765681651.921637, 1765681652.1596212, 1765681652.22316, 1765681652.425674, 1765681652.992287, 1765681662.062619, 1765681664.2619011, 1765681668.433312, 1765681673.5675]
5b3a19c9;P09;13/12/25;22:09:01;2;20;[1765681685.1761658, 1765681686.538046, 1765681687.303194, 1765681687.50802, 1765681694.945062, 1765681696.4448059, 1765681701.646262, 1765681702.416179, 1765681710.118777, 1765681711.2859, 1765681712.3903072, 1765681712.821813, 1765681714.423245, 1765681719.524954, 1765681720.5584798, 1765681724.2903879, 1765681725.36019, 1765681733.129969, 1765681734.533068, 1765681735.162003]
5b3a19c9;P09;13/12/25;22:10:01;3;99;[1765681743.302421, 1765681746.2362702, 1765681752.7720902, 1765681756.374769, 1765681757.076499, 1765681759.591989, 1765681759.692598, 1765681759.79456, 1765681761.493991, 1765681761.890778, 1765681762.1287029, 1765681762.3272262, 1765681762.392098, 1765681762.4610581, 1765681762.8950121, 1765681763.227042, 1765681763.428499, 1765681763.727573, 1765681764.927247, 1765681765.063335, 1765681765.16215, 1765681765.294475, 1765681765.527911, 1765681766.1589131, 1765681766.5267022, 1765681766.5959308, 1765681766.6613991, 1765681769.396194, 1765681769.761861, 1765681769.8638232, 1765681769.929538, 1765681770.397216, 1765681770.594444, 1765681772.565166, 1765681773.23223, 1765681773.33097, 1765681773.4343958, 1765681774.632708, 1765681776.7314298, 1765681777.001695, 1765681777.331615, 1765681777.797085, 1765681779.133801, 1765681780.333378, 1765681780.534285, 1765681780.6350222, 1765681781.1688378, 1765681781.502796, 1765681785.3044548, 1765681786.9065752, 1765681787.5723479, 1765681787.806901, 1765681787.8724759, 1765681788.005214, 1765681788.140461, 1765681788.308495, 1765681788.373218, 1765681788.7061062, 1765681789.109498, 1765681790.475779, 1765681790.576454, 1765681790.642762, 1765681790.740087, 1765681790.844046, 1765681791.038974, 1765681791.207655, 1765681791.5427608, 1765681791.676822, 1765681791.810474, 1765681792.076093, 1765681792.243634, 1765681792.3769011, 1765681792.543018, 1765681792.710901, 1765681793.076353, 1765681793.24409, 1765681793.679581, 1765681793.777597, 1765681794.57657, 1765681794.811989, 1765681795.177147, 1765681795.243155, 1765681795.3456168, 1765681795.447618, 1765681796.211085, 1765681796.377027, 1765681796.544152, 1765681796.709069, 1765681796.878606, 1765681797.0086908, 1765681797.343172, 1765681797.4464488, 1765681797.6784298, 1765681797.8454452, 1765681797.90841, 1765681798.111038, 1765681799.2138612, 1765681800.480923, 1765681800.811619]
5b3a19c9;P09;13/12/25;22:11:01;4;73;[1765681801.544383, 1765681801.811975, 1765681802.0788438, 1765681802.5430028, 1765681803.2141492, 1765681803.346702, 1765681804.3137221, 1765681804.813787, 1765681804.981466, 1765681805.04746, 1765681805.1788979, 1765681805.346447, 1765681805.481791, 1765681805.545554, 1765681805.8846562, 1765681805.947356, 1765681806.9826822, 1765681807.147295, 1765681812.016855, 1765681812.416834, 1765681816.2553012, 1765681816.952621, 1765681817.552202, 1765681817.989399, 1765681818.4542148, 1765681819.787925, 1765681824.025203, 1765681830.628247, 1765681836.464551, 1765681836.929356, 1765681841.298829, 1765681841.500541, 1765681841.6004539, 1765681842.134018, 1765681842.198804, 1765681842.900011, 1765681843.268478, 1765681843.3985112, 1765681843.4995918, 1765681845.8017752, 1765681845.9351108, 1765681847.13466, 1765681847.4345531, 1765681847.6362581, 1765681847.7656472, 1765681848.236893, 1765681848.302994, 1765681848.437373, 1765681848.501776, 1765681848.635443, 1765681848.9052138, 1765681849.303915, 1765681850.037175, 1765681850.336158, 1765681850.403095, 1765681850.537763, 1765681851.072163, 1765681851.901319, 1765681851.969631, 1765681852.0727181, 1765681852.338318, 1765681852.735884, 1765681852.837661, 1765681853.673253, 1765681854.040222, 1765681854.171893, 1765681856.737993, 1765681858.540752, 1765681858.741109, 1765681858.80833, 1765681858.940563, 1765681859.0096362, 1765681859.342238]
5b3a19c9;P09;13/12/25;22:12:01;5;10;[1765681862.0074182, 1765681862.7432902, 1765681863.810344, 1765681864.811658, 1765681886.2201831, 1765681886.290611, 1765681886.353804, 1765681886.69047, 1765681886.753667, 1765681886.9881861]
5c5ca4ca;P04;13/12/25;19:12:32;1;12;[1765671097.551831, 1765671098.417759, 1765671105.7258308, 1765671109.388942, 1765671112.7256908, 1765671115.293355, 1765671115.4957922, 1765671115.625851, 1765671115.695248, 1765671124.963798, 1765671150.1450508, 1765671152.076391]
5c5ca4ca;P04;13/12/25;19:13:32;2;2;[1765671192.8938408, 1765671211.007929]
5c5ca4ca;P04;13/12/25;19:14:32;3;20;[1765671225.646422, 1765671228.282014, 1765671231.8508852, 1765671246.7609658, 1765671249.893266, 1765671254.295156, 1765671254.3947442, 1765671257.297809, 1765671257.697441, 1765671259.730855, 1765671260.497698, 1765671260.663233, 1765671260.7981389, 1765671260.895472, 1765671260.9986198, 1765671261.064287, 1765671261.330245, 1765671261.4651341, 1765671261.730575, 1765671261.966464]
5c5ca4ca;P04;13/12/25;19:15:32;4;29;[1765671288.711381, 1765671298.749336, 1765671299.118593, 1765671300.719674, 1765671303.186959, 1765671303.285729, 1765671303.551244, 1765671303.62016, 1765671303.687501, 1765671303.819656, 1765671303.920379, 1765671304.020011, 1765671304.2217758, 1765671305.088255, 1765671307.05609, 1765671307.287694, 1765671307.486588, 1765671308.589874, 1765671308.722582, 1765671309.656121, 1765671309.82321, 1765671309.9228458, 1765671310.191514, 1765671310.721596, 1765671310.888578, 1765671310.955714, 1765671311.723118, 1765671332.0371761, 1765671332.503933]
7d9481de;P02;13/12/25;22:28:38;1;75;[1765682861.933815, 1765682865.1659, 1765682865.6016839, 1765682865.665676, 1765682865.801346, 1765682865.963607, 1765682866.034427, 1765682866.103476, 1765682866.2321029, 1765682866.303298, 1765682866.968818, 1765682867.034535, 1765682867.102709, 1765682867.166566, 1765682867.5045152, 1765682867.8027022, 1765682867.934274, 1765682868.230613, 1765682871.103939, 1765682872.472033, 1765682875.241009, 1765682875.471636, 1765682875.539281, 1765682875.936157, 1765682876.6017978, 1765682878.004066, 1765682878.4376519, 1765682878.5720809, 1765682880.00671, 1765682880.1071649, 1765682881.241699, 1765682881.708302, 1765682884.843921, 1765682885.1431081, 1765682885.241803, 1765682885.975682, 1765682887.642394, 1765682889.181005, 1765682890.113344, 1765682891.9778209, 1765682892.113523, 1765682892.681039, 1765682894.114481, 1765682897.752734, 1765682898.852078, 1765682899.21771, 1765682899.350593, 1765682899.450005, 1765682901.0861251, 1765682905.651319, 1765682905.921591, 1765682905.987296, 1765682906.084686, 1765682906.88764, 1765682907.0531409, 1765682907.2212212, 1765682908.653951, 1765682908.9861891, 1765682909.052618, 1765682912.1915898, 1765682912.426309, 1765682912.525156, 1765682912.761199, 1765682912.954237, 1765682915.0607722, 1765682915.1606069, 1765682915.261611, 1765682915.560948, 1765682915.6615412, 1765682916.524363, 1765682917.095658, 1765682917.53137, 1765682917.9966269, 1765682918.163539, 1765682918.492199]
7d9481de;P02;13/12/25;22:29:38;2;65;[1765682918.9239008, 1765682919.456964, 1765682919.5613701, 1765682919.689663, 1765682919.8620448, 1765682919.926912, 1765682920.162505, 1765682920.362571, 1765682920.427949, 1765682920.628533, 1765682920.827901, 1765682925.430044, 1765682927.13334, 1765682927.231607, 1765682927.431521, 1765682931.56431, 1765682932.065334, 1765682932.299055, 1765682932.399853, 1765682932.865933, 1765682933.334496, 1765682933.699787, 1765682934.333317, 1765682934.9382, 1765682935.300012, 1765682935.899633, 1765682936.068888, 1765682936.167637, 1765682937.768019, 1765682937.9008582, 1765682938.3381639, 1765682938.83673, 1765682939.1694021, 1765682939.6679401, 1765682939.971636, 1765682940.402407, 1765682940.702355, 1765682940.773431, 1765682941.338399, 1765682941.738108, 1765682941.872959, 1765682942.202921, 1765682942.3351429, 1765682942.4370072, 1765682942.571095, 1765682945.572901, 1765682949.575914, 1765682949.709965, 1765682949.7788749, 1765682955.1779861, 1765682955.710204, 1765682957.24618, 1765682959.680897, 1765682959.9488661, 1765682960.749702, 1765682962.546913, 1765682964.0813508, 1765682964.715528, 1765682967.651587, 1765682968.6845791, 1765682971.115632, 1765682972.657449, 1765682973.856842, 1765682977.1204312, 1765682977.655838]
7d9481de;P02;13/12/25;22:30:38;3;41;[1765682980.189177, 1765682981.690305, 1765682985.3615448, 1765682990.191531, 1765682991.0293849, 1765682994.198612, 1765682994.364227, 1765682994.562013, 1765682994.726965, 1765682995.13391, 1765682995.6271691, 1765682996.866993, 1765682999.802998, 1765683000.668572, 1765683002.50249, 1765683003.17056, 1765683003.233851, 1765683005.002731, 1765683005.537442, 1765683005.870347, 1765683007.205481, 1765683007.573715, 1765683009.005143, 1765683011.0042229, 1765683012.975211, 1765683015.376797, 1765683015.473187, 1765683015.838218, 1765683015.905977, 1765683016.0098171, 1765683017.044802, 1765683017.4424949, 1765683018.979439, 1765683021.1808739, 1765683021.613408, 1765683022.1788301, 1765683024.0434968, 1765683029.28048, 1765683032.550665, 1765683033.5866072, 1765683036.3210602]
7d9481de;P02;13/12/25;22:31:38;4;55;[1765683039.216752, 1765683042.486424, 1765683046.4241788, 1765683046.991665, 1765683049.225117, 1765683049.6925519, 1765683049.957568, 1765683051.891856, 1765683055.0612411, 1765683055.795669, 1765683056.1965709, 1765683056.5615628, 1765683056.858557, 1765683060.8964758, 1765683063.333927, 1765683063.6980639, 1765683066.0353541, 1765683067.004782, 1765683068.902706, 1765683070.4366589, 1765683070.6376371, 1765683073.4686809, 1765683074.070871, 1765683077.0720131, 1765683078.0390668, 1765683078.705518, 1765683079.504531, 1765683080.074646, 1765683080.241584, 1765683080.672819, 1765683081.6088471, 1765683081.9404721, 1765683082.1423419, 1765683082.274389, 1765683082.542179, 1765683083.443889, 1765683083.975116, 1765683084.4750788, 1765683086.610771, 1765683087.276236, 1765683087.541931, 1765683088.044644, 1765683088.945119, 1765683089.611006, 1765683089.7437398, 1765683090.547192, 1765683091.081876, 1765683091.6824121, 1765683091.883612, 1765683091.981927, 1765683092.7512808, 1765683093.4165592, 1765683096.251828, 1765683097.216759, 1765683098.315844]
28d26d74;P05;13/12/25;19:24:09;1;55;[1765671790.2003589, 1765671791.8344982, 1765671794.604291, 1765671795.070076, 1765671795.135126, 1765671795.336124, 1765671795.472312, 1765671795.572284, 1765671795.7336252, 1765671795.8713222, 1765671796.304689, 1765671796.872622, 1765671797.304379, 1765671797.438486, 1765671797.505931, 1765671797.571309, 1765671797.67408, 1765671799.908031, 1765671800.3367748, 1765671801.839007, 1765671803.4035258, 1765671803.474381, 1765671803.908511, 1765671804.139775, 1765671804.242124, 1765671804.410233, 1765671804.5404491, 1765671804.710402, 1765671805.0076082, 1765671805.1093838, 1765671805.4089339, 1765671805.776122, 1765671806.0439649, 1765671806.677005, 1765671806.776108, 1765671807.0740721, 1765671807.610435, 1765671807.9768, 1765671808.478039, 1765671808.8078878, 1765671810.114242, 1765671812.146893, 1765671813.3788989, 1765671815.344307, 1765671817.3811681, 1765671819.3457458, 1765671824.848305, 1765671828.3530838, 1765671832.220004, 1765671834.354613, 1765671840.0409632, 1765671843.0702348, 1765671845.1428852, 1765671847.376592, 1765671849.27759]
28d26d74;P05;13/12/25;19:25:09;2;19;[1765671854.713465, 1765671856.079736, 1765671857.617475, 1765671860.981258, 1765671864.5521421, 1765671869.419373, 1765671874.121863, 1765671874.7213361, 1765671880.024674, 1765671883.3949912, 1765671886.661473, 1765671887.9619799, 1765671892.495091, 1765671895.633465, 1765671897.96817, 1765671899.303345, 1765671903.1700659, 1765671905.604038, 1765671907.074676]
28d26d74;P05;13/12/25;19:26:09;3;45;[1765671910.941795, 1765671912.7748039, 1765671913.308856, 1765671913.609287, 1765671913.905827, 1765671913.975801, 1765671914.275429, 1765671916.141227, 1765671917.0765529, 1765671919.313023, 1765671919.609518, 1765671919.844882, 1765671921.276006, 1765671922.2123919, 1765671923.2135, 1765671925.146996, 1765671925.881078, 1765671927.115533, 1765671928.2168782, 1765671929.512049, 1765671931.887121, 1765671932.584373, 1765671938.689686, 1765671942.189486, 1765671944.257163, 1765671947.55845, 1765671948.660896, 1765671950.025624, 1765671957.162341, 1765671957.6659179, 1765671958.666662, 1765671959.5330088, 1765671961.2331479, 1765671962.066834, 1765671963.301409, 1765671963.934667, 1765671964.369437, 1765671964.469526, 1765671964.601558, 1765671965.304378, 1765671965.734999, 1765671966.501354, 1765671967.234082, 1765671968.235722, 1765671968.473896]
28d26d74;P05;13/12/25;19:27:09;4;44;[1765671969.6401842, 1765671970.9994218, 1765671976.440481, 1765671977.1067462, 1765671977.341894, 1765671978.207723, 1765671978.3741188, 1765671978.8054469, 1765671980.0086138, 1765671980.709124, 1765671982.340796, 1765671982.574186, 1765671983.3747032, 1765671985.177119, 1765671986.842557, 1765671987.144758, 1765671987.8436532, 1765671993.2128, 1765672000.614862, 1765672001.6894772, 1765672001.8178601, 1765672002.718634, 1765672003.214937, 1765672003.55247, 1765672004.719193, 1765672005.586776, 1765672006.3558269, 1765672006.5534751, 1765672006.854167, 1765672006.9558961, 1765672007.620418, 1765672008.22068, 1765672008.890282, 1765672009.820104, 1765672010.1243641, 1765672010.292744, 1765672010.723042, 1765672012.7234628, 1765672014.024509, 1765672019.560728, 1765672023.793083, 1765672024.995689, 1765672025.730442, 1765672027.4997911]
28d26d74;P05;13/12/25;19:28:09;5;42;[1765672029.529151, 1765672030.4625301, 1765672031.433429, 1765672031.734689, 1765672031.8322, 1765672031.898914, 1765672032.134882, 1765672032.565077, 1765672034.866731, 1765672040.30453, 1765672041.906815, 1765672042.972805, 1765672044.405816, 1765672045.67293, 1765672047.64121, 1765672048.7422001, 1765672049.5100338, 1765672049.909135, 1765672050.142588, 1765672050.243466, 1765672050.3096309, 1765672052.708598, 1765672053.67501, 1765672054.810126, 1765672056.0420322, 1765672060.378718, 1765672061.4145331, 1765672063.0147882, 1765672064.917252, 1765672068.883191, 1765672069.884588, 1765672070.650718, 1765672071.6865559, 1765672072.419296, 1765672073.922027, 1765672074.886472, 1765672075.923316, 1765672077.0898151, 1765672080.088219, 1765672083.728291, 1765672085.961478, 1765672089.130889]
47b02b77;P07;13/12/25;19:45:25;1;19;[1765673065.719708, 1765673070.9220228, 1765673072.8222878, 1765673073.287761, 1765673073.489443, 1765673073.988873, 1765673074.7888, 1765673075.1899378, 1765673076.223328, 1765673080.891992, 1765673085.596781, 1765673088.797633, 1765673089.296075, 1765673101.868535, 1765673112.776358, 1765673113.677266, 1765673116.475577, 1765673119.580558, 1765673123.0482152]
47b02b77;P07;13/12/25;19:46:25;2;17;[1765673125.81466, 1765673126.091846, 1765673132.8500962, 1765673133.483211, 1765673142.7583559, 1765673144.123428, 1765673145.257258, 1765673145.791998, 1765673146.2257469, 1765673147.890225, 1765673150.824505, 1765673150.993957, 1765673160.9292538, 1765673168.2683442, 1765673172.068562, 1765673175.438032, 1765673184.276472]
47b02b77;P07;13/12/25;19:47:25;3;50;[1765673187.677923, 1765673196.215091, 1765673197.049454, 1765673197.1863601, 1765673197.2526798, 1765673198.8494809, 1765673199.082976, 1765673201.8215811, 1765673201.9171278, 1765673201.989353, 1765673202.649743, 1765673203.050325, 1765673204.919957, 1765673205.255372, 1765673205.351596, 1765673205.519385, 1765673205.852455, 1765673206.4852428, 1765673206.988383, 1765673207.054107, 1765673207.119728, 1765673207.2877362, 1765673207.48796, 1765673208.157928, 1765673208.354333, 1765673208.887106, 1765673208.954182, 1765673209.089132, 1765673209.191118, 1765673209.289763, 1765673209.4910889, 1765673210.09081, 1765673210.258518, 1765673210.7545972, 1765673211.1877031, 1765673217.2611551, 1765673218.394537, 1765673218.4599712, 1765673220.3648992, 1765673221.3625998, 1765673221.5289931, 1765673230.2624362, 1765673230.432169, 1765673231.268466, 1765673232.43279, 1765673233.43241, 1765673240.568373, 1765673240.63871, 1765673240.702373, 1765673243.968898]
47b02b77;P07;13/12/25;19:48:25;4;20;[1765673247.306966, 1765673247.507613, 1765673248.411029, 1765673257.779417, 1765673270.517696, 1765673270.620796, 1765673278.691173, 1765673279.286916, 1765673280.757714, 1765673282.489559, 1765673282.793547, 1765673285.660588, 1765673286.0266728, 1765673289.728116, 1765673289.994667, 1765673290.595331, 1765673292.432259, 1765673292.59621, 1765673297.895699, 1765673303.468616]
3277ef44;P08;13/12/25;21:55:43;1;195;[1765680883.979193, 1765680885.045092, 1765680886.046576, 1765680886.679577, 1765680886.74428, 1765680887.913855, 1765680888.449016, 1765680888.6137102, 1765680889.9856, 1765680890.11758, 1765680890.71402, 1765680890.786677, 1765680891.185801, 1765680891.3171499, 1765680891.682793, 1765680894.084907, 1765680897.791158, 1765680897.9520798, 1765680898.820307, 1765680899.050914, 1765680899.190544, 1765680899.318053, 1765680899.388424, 1765680899.6861901, 1765680899.819826, 1765680899.919731, 1765680900.5897422, 1765680901.753149, 1765680901.821206, 1765680902.793154, 1765680902.99323, 1765680903.054968, 1765680903.153187, 1765680903.3196921, 1765680904.3256059, 1765680905.0879009, 1765680905.288565, 1765680905.453946, 1765680905.689833, 1765680905.889802, 1765680906.221358, 1765680906.2902741, 1765680906.453175, 1765680906.792599, 1765680908.022846, 1765680908.824485, 1765680908.994716, 1765680909.090644, 1765680909.423352, 1765680909.489675, 1765680909.892231, 1765680909.994485, 1765680910.157328, 1765680910.324405, 1765680910.4243882, 1765680910.524595, 1765680910.5943239, 1765680910.6886458, 1765680911.3229592, 1765680912.226877, 1765680912.557567, 1765680912.725291, 1765680913.656517, 1765680914.395932, 1765680914.558041, 1765680915.862137, 1765680915.9285738, 1765680916.427752, 1765680917.4960551, 1765680917.5633721, 1765680918.1303139, 1765680918.230634, 1765680918.297086, 1765680918.36037, 1765680918.599087, 1765680918.659383, 1765680918.8966131, 1765680919.999892, 1765680920.094838, 1765680920.162325, 1765680920.2623649, 1765680920.4003341, 1765680920.500222, 1765680920.632458, 1765680920.963095, 1765680921.029332, 1765680921.1656692, 1765680921.266101, 1765680921.4629152, 1765680921.664203, 1765680921.764357, 1765680921.8615758, 1765680921.9270241, 1765680922.031706, 1765680922.200143, 1765680922.332203, 1765680922.56303, 1765680922.730156, 1765680923.028841, 1765680923.131667, 1765680923.231738, 1765680923.3651662, 1765680923.499052, 1765680923.602041, 1765680923.9670432, 1765680924.1653419, 1765680924.465636, 1765680924.532908, 1765680924.666616, 1765680924.831732, 1765680925.166175, 1765680925.566397, 1765680925.697293, 1765680925.767265, 1765680925.867779, 1765680926.028388, 1765680926.234661, 1765680926.601124, 1765680926.80581, 1765680926.866833, 1765680927.005089, 1765680927.101758, 1765680927.403507, 1765680927.50035, 1765680927.634092, 1765680928.9679601, 1765680929.2051132, 1765680929.268611, 1765680929.4049149, 1765680929.5349388, 1765680929.603474, 1765680929.699426, 1765680929.768554, 1765680929.966023, 1765680930.204363, 1765680930.3356001, 1765680930.4051058, 1765680930.6348019, 1765680930.7709, 1765680930.967057, 1765680931.135339, 1765680931.205248, 1765680931.3375292, 1765680931.904035, 1765680932.5695732, 1765680933.7705548, 1765680934.005239, 1765680934.2043068, 1765680934.2659671, 1765680934.539802, 1765680934.7696698, 1765680934.903234, 1765680935.071658, 1765680935.169989, 1765680935.236196, 1765680935.471649, 1765680935.971903, 1765680936.2707891, 1765680936.372163, 1765680936.5067, 1765680936.638827, 1765680937.237878, 1765680937.3057978, 1765680937.6708941, 1765680937.738081, 1765680938.008547, 1765680938.2090409, 1765680938.408208, 1765680938.609739, 1765680938.938185, 1765680939.039495, 1765680939.237807, 1765680939.4402251, 1765680939.610383, 1765680939.809598, 1765680939.972445, 1765680940.207731, 1765680940.409527, 1765680940.4729338, 1765680940.5402071, 1765680940.707932, 1765680940.773098, 1765680940.9095218, 1765680941.0390568, 1765680941.108762, 1765680941.4095302, 1765680941.74032, 1765680942.372854, 1765680942.4380522, 1765680942.575095, 1765680942.875453, 1765680942.973033, 1765680943.0732238, 1765680943.271658, 1765680943.6140668]
3277ef44;P08;13/12/25;21:56:43;2;208;[1765680943.8393002, 1765680944.1070411, 1765680944.175435, 1765680944.2712278, 1765680944.640511, 1765680946.0420558, 1765680946.108596, 1765680946.5119889, 1765680947.308353, 1765680947.612443, 1765680947.9102159, 1765680948.1434739, 1765680948.21344, 1765680948.310267, 1765680948.376075, 1765680948.643009, 1765680948.7439182, 1765680948.945615, 1765680949.0764549, 1765680949.815179, 1765680951.144784, 1765680951.343366, 1765680951.914083, 1765680952.077585, 1765680952.4803998, 1765680952.714171, 1765680953.044828, 1765680955.7803571, 1765680955.846817, 1765680955.981508, 1765680956.217535, 1765680956.3487911, 1765680956.5165062, 1765680956.58204, 1765680956.679358, 1765680956.7844322, 1765680956.982154, 1765680957.716875, 1765680958.913482, 1765680959.048757, 1765680959.180941, 1765680959.484517, 1765680959.850275, 1765680959.951375, 1765680960.020376, 1765680960.0815308, 1765680960.15053, 1765680960.385247, 1765680960.5169432, 1765680960.78284, 1765680960.884383, 1765680961.149348, 1765680961.518462, 1765680961.717946, 1765680961.951652, 1765680962.1170292, 1765680962.220095, 1765680962.4840488, 1765680962.618886, 1765680962.751771, 1765680962.821741, 1765680963.118942, 1765680963.222046, 1765680963.350857, 1765680963.485143, 1765680963.585057, 1765680963.78451, 1765680963.952972, 1765680964.184284, 1765680964.38354, 1765680964.917919, 1765680965.220473, 1765680965.350402, 1765680965.720201, 1765680965.786497, 1765680965.987632, 1765680966.052761, 1765680966.186059, 1765680966.3535192, 1765680966.58641, 1765680966.688287, 1765680967.088379, 1765680967.38753, 1765680967.519469, 1765680967.6855922, 1765680967.919637, 1765680968.023902, 1765680968.155491, 1765680968.253372, 1765680968.654916, 1765680968.7526422, 1765680969.024745, 1765680969.187731, 1765680969.255307, 1765680969.453604, 1765680969.6879842, 1765680969.8862138, 1765680969.957898, 1765680970.2886121, 1765680970.35553, 1765680970.487833, 1765680970.756056, 1765680970.824505, 1765680970.890214, 1765680971.023819, 1765680971.253005, 1765680971.655778, 1765680971.790575, 1765680971.8889139, 1765680972.454426, 1765680973.155602, 1765680973.722655, 1765680973.855664, 1765680974.188676, 1765680974.392249, 1765680974.557423, 1765680974.753587, 1765680974.922654, 1765680975.228929, 1765680975.355096, 1765680975.457097, 1765680975.922616, 1765680976.458029, 1765680976.5583758, 1765680976.790515, 1765680977.324875, 1765680977.627619, 1765680978.1597922, 1765680978.227999, 1765680978.4285812, 1765680979.3259141, 1765680979.428976, 1765680979.5223858, 1765680979.959455, 1765680980.059572, 1765680980.159188, 1765680980.392611, 1765680980.559754, 1765680980.7603672, 1765680981.32713, 1765680982.094759, 1765680983.629002, 1765680984.128427, 1765680984.262398, 1765680984.395299, 1765680984.9980779, 1765680985.127604, 1765680985.397677, 1765680985.56126, 1765680985.659981, 1765680986.164821, 1765680986.32929, 1765680986.66275, 1765680986.863227, 1765680987.498283, 1765680988.763626, 1765680989.434245, 1765680989.633369, 1765680990.235691, 1765680990.7668328, 1765680990.934695, 1765680991.099236, 1765680991.2683232, 1765680991.4023302, 1765680991.798437, 1765680992.167965, 1765680992.5678651, 1765680992.703158, 1765680992.802569, 1765680992.901314, 1765680993.002562, 1765680993.43804, 1765680993.50256, 1765680993.6686609, 1765680993.734139, 1765680993.867852, 1765680994.2681758, 1765680994.403339, 1765680994.638902, 1765680994.902335, 1765680995.603295, 1765680995.6706061, 1765680995.7359629, 1765680996.07184, 1765680996.6406221, 1765680996.839558, 1765680997.040095, 1765680999.8041449, 1765681000.037868, 1765681000.135017, 1765681000.33801, 1765681000.44209, 1765681000.5064828, 1765681000.5707679, 1765681000.872523, 1765681001.13924, 1765681001.269283, 1765681001.5732522, 1765681001.640552, 1765681002.8428319, 1765681002.907118, 1765681003.1058428, 1765681003.172856, 1765681003.242621, 1765681003.3380969, 1765681003.4074829, 1765681003.508409, 1765681003.642443]
3277ef44;P08;13/12/25;21:57:43;3;125;[1765681003.843641, 1765681004.039584, 1765681004.136568, 1765681004.37065, 1765681004.46802, 1765681004.7726111, 1765681004.841373, 1765681005.0083551, 1765681005.338814, 1765681005.439606, 1765681005.5062358, 1765681005.6442811, 1765681005.707387, 1765681005.773845, 1765681005.8734741, 1765681005.940732, 1765681006.0067651, 1765681006.072856, 1765681006.173402, 1765681006.275074, 1765681006.6081421, 1765681006.7737222, 1765681006.974808, 1765681007.073886, 1765681007.644044, 1765681007.807654, 1765681008.574602, 1765681008.8056152, 1765681010.674168, 1765681010.910773, 1765681011.209527, 1765681011.4741929, 1765681011.673554, 1765681011.809408, 1765681012.10904, 1765681012.374784, 1765681012.5081458, 1765681012.5753129, 1765681012.676584, 1765681012.741218, 1765681012.876894, 1765681013.110276, 1765681013.1762419, 1765681013.279008, 1765681013.4095979, 1765681013.575466, 1765681014.010419, 1765681014.1760159, 1765681014.311101, 1765681014.5105448, 1765681014.5761778, 1765681014.675528, 1765681014.745451, 1765681015.4080288, 1765681015.84725, 1765681015.9104378, 1765681016.007661, 1765681016.2484999, 1765681016.340849, 1765681016.574473, 1765681017.050424, 1765681020.778017, 1765681020.880794, 1765681020.946288, 1765681021.014046, 1765681021.2806551, 1765681021.412898, 1765681021.516594, 1765681021.6816268, 1765681023.049769, 1765681023.281544, 1765681023.451137, 1765681023.748319, 1765681023.849291, 1765681027.1815739, 1765681027.415107, 1765681028.0170581, 1765681028.1824691, 1765681028.484608, 1765681028.5839071, 1765681029.019341, 1765681029.085427, 1765681029.217953, 1765681029.351159, 1765681030.821001, 1765681031.6859012, 1765681032.2551308, 1765681032.3207428, 1765681032.386168, 1765681032.519213, 1765681033.1195729, 1765681034.7870002, 1765681035.953634, 1765681036.287709, 1765681036.4214458, 1765681036.5557692, 1765681037.05882, 1765681037.422003, 1765681037.521188, 1765681037.660086, 1765681037.7234812, 1765681037.859044, 1765681037.989331, 1765681038.0586329, 1765681038.3246222, 1765681038.423404, 1765681038.490453, 1765681038.5894258, 1765681038.989033, 1765681039.1902862, 1765681041.758131, 1765681042.558491, 1765681044.924835, 1765681045.7932658, 1765681045.960052, 1765681046.528775, 1765681050.35936, 1765681055.199999, 1765681055.535611, 1765681058.135733, 1765681062.203286, 1765681062.503456, 1765681062.873861, 1765681063.138038, 1765681063.803692]
3277ef44;P08;13/12/25;21:58:43;4;65;[1765681063.96988, 1765681064.1361458, 1765681064.2008781, 1765681064.303215, 1765681064.902685, 1765681065.47233, 1765681065.536298, 1765681065.704375, 1765681065.770111, 1765681066.035681, 1765681066.168316, 1765681066.305553, 1765681066.472757, 1765681066.536784, 1765681067.102897, 1765681067.903908, 1765681073.27599, 1765681074.3385909, 1765681074.403988, 1765681074.4758022, 1765681074.974318, 1765681079.24102, 1765681082.408087, 1765681090.180665, 1765681090.71457, 1765681091.550554, 1765681105.6232069, 1765681105.9560902, 1765681106.92463, 1765681107.624809, 1765681108.424475, 1765681108.493857, 1765681108.593932, 1765681108.698307, 1765681108.8949518, 1765681108.9923542, 1765681110.2604558, 1765681110.494441, 1765681110.559489, 1765681110.8235772, 1765681110.9273431, 1765681111.096958, 1765681111.296455, 1765681111.4964101, 1765681111.558335, 1765681111.726472, 1765681112.098187, 1765681113.124523, 1765681113.2576709, 1765681113.626272, 1765681113.7928581, 1765681113.896363, 1765681114.095526, 1765681114.225843, 1765681115.26294, 1765681115.661671, 1765681115.7593029, 1765681116.230904, 1765681116.326278, 1765681116.929777, 1765681117.260023, 1765681117.328244, 1765681117.4986272, 1765681117.696416, 1765681117.761473]
4168f027;P06;13/12/25;19:33:12;1;13;[1765672334.6382778, 1765672337.905343, 1765672338.4719732, 1765672339.5043771, 1765672345.374088, 1765672347.509718, 1765672349.108811, 1765672350.545641, 1765672351.27861, 1765672351.34673, 1765672352.745746, 1765672352.813339, 1765672354.3470778]
4168f027;P06;13/12/25;19:34:12;2;3;[1765672395.9346108, 1765672415.3396962, 1765672448.427671]
4168f027;P06;13/12/25;19:35:12;3;30;[1765672465.266279, 1765672465.765814, 1765672467.53551, 1765672467.8680708, 1765672468.173394, 1765672468.3993962, 1765672468.4640021, 1765672469.9719732, 1765672473.372674, 1765672473.5737731, 1765672474.6060202, 1765672474.740885, 1765672474.8071098, 1765672474.9758441, 1765672475.275051, 1765672485.280561, 1765672485.8109, 1765672486.3149529, 1765672486.445763, 1765672487.4811149, 1765672489.613178, 1765672491.315716, 1765672492.049452, 1765672493.149117, 1765672493.385012, 1765672493.578731, 1765672493.815161, 1765672494.082357, 1765672509.356508, 1765672509.5543501]
4168f027;P06;13/12/25;19:36:12;4;11;[1765672514.658664, 1765672534.035024, 1765672547.843912, 1765672551.010518, 1765672554.682566, 1765672558.648597, 1765672559.116344, 1765672568.3556569, 1765672570.4545448, 1765672571.556842, 1765672572.253864]
16829be8;P03;13/12/25;19:02:40;1;90;[1765670504.2124212, 1765670504.545099, 1765670504.711956, 1765670505.143483, 1765670505.678585, 1765670505.844287, 1765670506.644543, 1765670506.945908, 1765670507.180676, 1765670507.382688, 1765670507.4457002, 1765670507.847312, 1765670507.913714, 1765670508.046165, 1765670508.312614, 1765670508.47849, 1765670508.681161, 1765670508.945131, 1765670509.4790452, 1765670509.647752, 1765670510.544909, 1765670510.846335, 1765670511.480924, 1765670511.5495858, 1765670511.6799638, 1765670511.782801, 1765670511.881421, 1765670518.6156301, 1765670519.153315, 1765670519.3864589, 1765670519.648726, 1765670519.7488809, 1765670520.322091, 1765670528.12406, 1765670528.35872, 1765670528.623105, 1765670528.890804, 1765670529.223138, 1765670530.492291, 1765670530.958107, 1765670535.696299, 1765670536.260711, 1765670536.359741, 1765670536.662669, 1765670536.99787, 1765670537.22666, 1765670539.326991, 1765670540.428643, 1765670541.0971498, 1765670541.327959, 1765670541.4972749, 1765670541.763841, 1765670541.996068, 1765670542.3591821, 1765670542.4942331, 1765670542.7321851, 1765670543.63079, 1765670544.066369, 1765670544.46353, 1765670544.697412, 1765670545.162561, 1765670545.3631349, 1765670545.7985191, 1765670546.89697, 1765670546.9994051, 1765670547.298471, 1765670547.3974469, 1765670547.663357, 1765670547.732079, 1765670548.131773, 1765670548.2014668, 1765670548.400525, 1765670548.731682, 1765670548.8660219, 1765670549.300632, 1765670549.402165, 1765670549.9342752, 1765670551.4343371, 1765670551.6355672, 1765670551.766301, 1765670552.466701, 1765670556.9364438, 1765670557.238822, 1765670557.303172, 1765670557.570444, 1765670557.706101, 1765670559.836313, 1765670560.007222, 1765670560.3064818, 1765670560.540351]
16829be8;P03;13/12/25;19:03:40;2;34;[1765670560.97014, 1765670561.838544, 1765670561.9408572, 1765670562.140737, 1765670566.3424041, 1765670567.108835, 1765670568.677432, 1765670569.110153, 1765670569.376482, 1765670579.080993, 1765670579.515697, 1765670579.914987, 1765670580.081459, 1765670591.8220139, 1765670592.15495, 1765670592.72098, 1765670593.320436, 1765670594.287758, 1765670594.591535, 1765670594.789519, 1765670595.022315, 1765670599.4273741, 1765670601.49388, 1765670605.5638452, 1765670605.861095, 1765670606.095349, 1765670606.163379, 1765670611.064846, 1765670611.930911, 1765670612.361259, 1765670612.63342, 1765670614.5650702, 1765670614.999876, 1765670617.833521]
16829be8;P03;13/12/25;19:04:40;3;62;[1765670625.4387999, 1765670632.107141, 1765670633.1749492, 1765670638.01196, 1765670642.046981, 1765670642.146554, 1765670642.511124, 1765670642.5802171, 1765670642.6450298, 1765670642.8477492, 1765670642.947884, 1765670643.180765, 1765670643.284021, 1765670643.578739, 1765670644.0473669, 1765670644.113188, 1765670644.214587, 1765670644.413217, 1765670644.6770718, 1765670644.848035, 1765670647.2797692, 1765670647.7485352, 1765670647.9829462, 1765670648.6802921, 1765670650.1838038, 1765670652.385237, 1765670652.484351, 1765670653.283881, 1765670655.1474822, 1765670655.7868621, 1765670657.420346, 1765670658.555064, 1765670658.6199338, 1765670660.385749, 1765670661.424059, 1765670661.6208608, 1765670661.723979, 1765670661.886262, 1765670663.35526, 1765670663.7905002, 1765670664.723914, 1765670665.324281, 1765670665.659911, 1765670666.490853, 1765670667.091585, 1765670670.9285629, 1765670671.093653, 1765670672.2950132, 1765670672.76123, 1765670674.2951171, 1765670674.929954, 1765670675.228051, 1765670676.5986078, 1765670676.6653068, 1765670678.699229, 1765670679.1987689, 1765670679.963802, 1765670680.03196, 1765670680.131843, 1765670680.1992729, 1765670680.365338, 1765670680.498354]
16829be8;P03;13/12/25;19:05:40;4;73;[1765670680.830281, 1765670681.03248, 1765670681.332333, 1765670682.268002, 1765670682.467403, 1765670683.934759, 1765670684.267188, 1765670684.331698, 1765670684.6970098, 1765670684.865759, 1765670684.9327, 1765670685.00287, 1765670686.001447, 1765670686.098925, 1765670686.333888, 1765670686.4003148, 1765670686.497545, 1765670688.1367722, 1765670690.703725, 1765670691.5031319, 1765670691.8070972, 1765670692.171338, 1765670692.337566, 1765670692.4727209, 1765670692.539237, 1765670692.607517, 1765670694.503121, 1765670695.037175, 1765670704.609028, 1765670705.143167, 1765670705.909507, 1765670706.109469, 1765670706.277659, 1765670706.376179, 1765670707.212141, 1765670707.41297, 1765670707.480717, 1765670707.812163, 1765670707.977899, 1765670708.9138439, 1765670709.445279, 1765670709.548803, 1765670709.6131399, 1765670709.680765, 1765670710.679484, 1765670711.680335, 1765670713.182091, 1765670713.4821508, 1765670713.582299, 1765670714.913744, 1765670715.516793, 1765670716.314393, 1765670716.682718, 1765670716.8839428, 1765670718.149662, 1765670719.0486941, 1765670719.181431, 1765670719.3489249, 1765670719.784418, 1765670719.91802, 1765670719.984145, 1765670720.685408, 1765670720.983354, 1765670724.520663, 1765670729.224368, 1765670730.122359, 1765670731.361223, 1765670731.559812, 1765670734.862078, 1765670735.194964, 1765670737.896506, 1765670738.659401, 1765670740.4962811]
cce945bf;P02;13/12/25;18:42:34;1;33;[1765582895.1954188, 1765582897.8771951, 1765582898.280076, 1765582899.0199559, 1765582899.790739, 1765582899.995633, 1765582900.280481, 1765582902.456696, 1765582903.073784, 1765582903.49721, 1765582905.820438, 1765582907.214916, 1765582909.057654, 1765582909.712558, 1765582910.083146, 1765582911.6854389, 1765582914.0223591, 1765582916.9355872, 1765582917.14973, 1765582917.79719, 1765582918.00162, 1765582919.518392, 1765582921.613872, 1765582922.878313, 1765582925.464027, 1765582928.537076, 1765582929.727647, 1765582933.0970109, 1765582934.6959832, 1765582938.0856562, 1765582945.7904792, 1765582949.611493, 1765582953.336747]
cce945bf;P02;13/12/25;18:43:34;2;33;[1765582960.179199, 1765582963.878467, 1765582964.820777, 1765582965.1855092, 1765582966.14148, 1765582967.0827122, 1765582968.4745011, 1765582971.882391, 1765582973.677898, 1765582974.6274219, 1765582975.3123982, 1765582976.1318588, 1765582976.547296, 1765582976.87424, 1765582977.6139321, 1765582978.0707352, 1765582978.893319, 1765582979.739789, 1765582981.549101, 1765582983.070064, 1765582986.1418471, 1765582986.261751, 1765582986.764541, 1765582989.672361, 1765582990.816295, 1765582993.1566799, 1765582996.810143, 1765583001.481343, 1765583003.702879, 1765583006.8112829, 1765583011.0772731, 1765583011.8184252, 1765583013.825793]
cce945bf;P02;13/12/25;18:44:34;3;31;[1765583017.377963, 1765583018.451987, 1765583022.3420212, 1765583026.741906, 1765583029.682556, 1765583030.578787, 1765583032.471479, 1765583033.0047932, 1765583038.013094, 1765583040.141472, 1765583040.798026, 1765583040.914711, 1765583041.118786, 1765583041.851671, 1765583042.802065, 1765583044.517422, 1765583045.051478, 1765583045.255496, 1765583045.461117, 1765583046.9376872, 1765583047.34977, 1765583051.656626, 1765583053.9969778, 1765583057.155613, 1765583059.0074298, 1765583063.352981, 1765583067.940873, 1765583069.954619, 1765583071.955905, 1765583072.485962, 1765583073.999883]
cce945bf;P02;13/12/25;18:45:34;4;40;[1765583075.688561, 1765583076.3476968, 1765583077.404889, 1765583078.144463, 1765583078.5529118, 1765583078.919008, 1765583080.940726, 1765583084.875978, 1765583091.998731, 1765583095.938694, 1765583100.612486, 1765583102.1360068, 1765583103.079914, 1765583103.72991, 1765583108.9409559, 1765583109.8872058, 1765583110.943647, 1765583111.0636868, 1765583111.4759948, 1765583111.9278772, 1765583114.5548642, 1765583114.716386, 1765583115.987057, 1765583117.0156128, 1765583117.5851781, 1765583117.996268, 1765583119.062817, 1765583119.819675, 1765583120.089874, 1765583120.456199, 1765583121.409546, 1765583124.157068, 1765583124.804058, 1765583125.659821, 1765583126.735487, 1765583127.051466, 1765583129.0748758, 1765583129.689452, 1765583129.8063219, 1765583131.41404]
cce945bf;P02;13/12/25;18:46:34;5;34;[1765583135.791048, 1765583138.218337, 1765583138.627564, 1765583138.940908, 1765583139.7256231, 1765583142.1562471, 1765583142.812385, 1765583147.153237, 1765583147.8067179, 1765583151.124927, 1765583151.62235, 1765583155.883977, 1765583157.7248452, 1765583158.7976608, 1765583159.285467, 1765583160.893913, 1765583161.53599, 1765583163.1345868, 1765583165.596906, 1765583166.4629, 1765583168.589992, 1765583173.468477, 1765583179.4597929, 1765583179.782746, 1765583181.7511191, 1765583183.274206, 1765583183.930045, 1765583185.09246, 1765583187.6201851, 1765583190.0837529, 1765583190.4997451, 1765583190.947956, 1765583191.2279081, 1765583192.656967]
4997df86;P01;11/12/25;08:00:43;1;2;[1765458000.029475, 1765458037.34048]
4997df86;P01;11/12/25;08:01:43;2;5;[1765458044.388823, 1765458044.513592, 1765458044.7588758, 1765458045.292913, 1765458046.60423]
4997df86;P01;11/12/25;08:02:43;3;3;[1765458125.3008509, 1765458125.793071, 1765458151.9955049]
fc310b3f;P01;22/12/25;14:43:46;1;56;[1766432576.481094, 1766432578.2051609, 1766432580.868468, 1766432582.7531881, 1766432583.164244, 1766432583.247516, 1766432584.928755, 1766432585.132977, 1766432587.551616, 1766432588.289608, 1766432588.3718138, 1766432591.446985, 1766432593.0855029, 1766432593.332258, 1766432593.415784, 1766432593.4962418, 1766432593.578194, 1766432593.7431839, 1766432593.825908, 1766432593.906806, 1766432593.988495, 1766432594.153132, 1766432594.317116, 1766432594.4808571, 1766432594.766664, 1766432596.3267, 1766432597.92417, 1766432599.195881, 1766432606.411495, 1766432606.740989, 1766432608.543335, 1766432610.103518, 1766432610.224768, 1766432610.3490582, 1766432610.4711528, 1766432610.593133, 1766432611.783936, 1766432611.948749, 1766432612.1528509, 1766432618.9161448, 1766432619.81867, 1766432620.313428, 1766432620.6382358, 1766432621.007204, 1766432621.254255, 1766432621.499369, 1766432621.746898, 1766432621.95252, 1766432622.4432168, 1766432622.566877, 1766432623.754685, 1766432624.0432398, 1766432624.288882, 1766432625.63995, 1766432625.846679, 1766432625.9695191]
fc310b3f;P01;22/12/25;14:44:46;2;40;[1766432626.2137768, 1766432626.379401, 1766432627.5700748, 1766432627.690387, 1766432627.8546891, 1766432628.4303029, 1766432628.715162, 1766432633.432394, 1766432634.578285, 1766432634.702761, 1766432635.153761, 1766432635.441324, 1766432635.768468, 1766432636.259688, 1766432636.4236438, 1766432636.71124, 1766432636.873931, 1766432637.162955, 1766432640.728363, 1766432640.975766, 1766432642.655255, 1766432644.131928, 1766432644.21312, 1766432644.379141, 1766432645.443617, 1766432645.64866, 1766432646.714972, 1766432646.877952, 1766432648.3981361, 1766432648.520093, 1766432648.8888829, 1766432649.052568, 1766432649.132755, 1766432649.503249, 1766432651.716295, 1766432653.110622, 1766432653.2746398, 1766432655.326624, 1766432655.406375, 1766432655.4909399]
fc310b3f;P01;22/12/25;14:45:46;3;24;[1766432688.290817, 1766432689.358177, 1766432690.591674, 1766432695.266388, 1766432695.957462, 1766432697.105642, 1766432699.892166, 1766432701.369499, 1766432702.518482, 1766432703.6270301, 1766432705.390646, 1766432705.841542, 1766432706.125754, 1766432707.9708002, 1766432709.3644958, 1766432710.308362, 1766432711.2948349, 1766432713.094322, 1766432715.3937511, 1766432722.3626182, 1766432726.17365, 1766432730.1095538, 1766432731.1745532, 1766432736.6684449]
fc310b3f;P01;22/12/25;14:46:46;4;5;[1766432764.8367832, 1766432769.2645912, 1766432775.74344, 1766432800.9171278, 1766432801.285745]
fc310b3f;P01;22/12/25;14:47:46;5;5;[1766432806.164021, 1766432812.4366348, 1766432833.84383, 1766432840.153041, 1766432843.639759]
7cb39545;P01;22/12/25;17:05:46;1;1;[1766441092.224149]
7cb39545;P01;22/12/25;17:06:46;2;4;[1766441153.113618, 1766441154.020331, 1766441155.81906, 1766441195.0124779]
7cb39545;P01;22/12/25;17:07:46;3;7;[1766441223.34506, 1766441223.637245, 1766441223.8843331, 1766441224.781806, 1766441225.850039, 1766441228.6448152, 1766441254.843022]
7cb39545;P01;22/12/25;17:08:46;4;7;[1766441292.3490849, 1766441292.638861, 1766441293.9104488, 1766441294.1189172, 1766441298.4163048, 1766441300.8382452, 1766441316.9844391]
7cb39545;P01;22/12/25;17:09:46;5;1;[1766441351.055155]
c7ec7f47;P01;22/12/25;17:28:35;1;6;[1766442458.2208252, 1766442467.3978722, 1766442475.077707, 1766442475.395582, 1766442478.5905678, 1766442480.72221]
c7ec7f47;P01;22/12/25;17:29:35;2;0;[]
c7ec7f47;P01;22/12/25;17:30:35;3;2;[1766442594.2497761, 1766442610.2012858]
c7ec7f47;P01;22/12/25;17:31:35;4;2;[1766442687.0138822, 1766442688.160606]
b124da8b;P01;22/12/25;17:46:41;1;33;[1766443541.507422, 1766443542.03751, 1766443546.219257, 1766443546.3404539, 1766443549.4167309, 1766443553.640424, 1766443555.935179, 1766443557.207158, 1766443559.096214, 1766443572.744677, 1766443573.361296, 1766443573.4865549, 1766443573.6070669, 1766443573.81506, 1766443574.101813, 1766443574.344107, 1766443574.468482, 1766443583.4922361, 1766443583.697502, 1766443584.108244, 1766443584.312289, 1766443584.475727, 1766443591.4833589, 1766443592.305676, 1766443592.9628868, 1766443593.0826392, 1766443593.409836, 1766443593.5815911, 1766443593.9038851, 1766443594.153546, 1766443599.89443, 1766443600.3013, 1766443600.712899]
b124da8b;P01;22/12/25;17:47:41;2;69;[1766443601.238226, 1766443602.348035, 1766443602.6366951, 1766443602.880521, 1766443603.1745229, 1766443603.412809, 1766443606.042491, 1766443606.160546, 1766443606.2883148, 1766443607.2277, 1766443607.682315, 1766443608.211348, 1766443611.0812569, 1766443611.2029471, 1766443611.618568, 1766443611.735565, 1766443611.9054441, 1766443612.475449, 1766443613.501493, 1766443613.707874, 1766443614.364459, 1766443614.8944051, 1766443615.222307, 1766443615.424853, 1766443615.759797, 1766443615.9997, 1766443616.376531, 1766443616.493264, 1766443616.617173, 1766443616.743097, 1766443617.804807, 1766443618.092593, 1766443618.337787, 1766443618.505323, 1766443618.830621, 1766443619.570973, 1766443620.144056, 1766443620.554146, 1766443620.6813939, 1766443620.88312, 1766443621.089941, 1766443621.206802, 1766443621.53551, 1766443621.9078898, 1766443622.2349179, 1766443622.562627, 1766443622.685902, 1766443623.3406951, 1766443624.162886, 1766443624.572952, 1766443624.697105, 1766443624.901432, 1766443625.0211682, 1766443625.145372, 1766443625.349268, 1766443625.843946, 1766443625.968812, 1766443626.538502, 1766443631.956477, 1766443634.374742, 1766443637.4026182, 1766443637.611072, 1766443637.812055, 1766443638.5548182, 1766443639.206731, 1766443656.964501, 1766443657.614941, 1766443657.9074728, 1766443658.47809]
b124da8b;P01;22/12/25;17:48:41;3;11;[1766443668.1543941, 1766443668.360176, 1766443668.607958, 1766443669.959569, 1766443679.018375, 1766443679.760454, 1766443680.8222039, 1766443682.87168, 1766443686.7706392, 1766443687.016267, 1766443687.425107]
b124da8b;P01;22/12/25;17:49:41;4;5;[1766443753.444126, 1766443766.436726, 1766443768.034674, 1766443774.233262, 1766443774.525985]
47b20a11;P10;23/12/25;17:07:09;1;3;[1766527576.9037771, 1766527602.3285592, 1766527602.830011]
47b20a11;P10;23/12/25;17:08:09;2;17;[1766527641.204117, 1766527648.042272, 1766527655.712023, 1766527659.0467799, 1766527662.346396, 1766527669.453902, 1766527670.084144, 1766527671.351709, 1766527673.152628, 1766527679.324097, 1766527680.023189, 1766527681.090268, 1766527683.624869, 1766527684.4590342, 1766527684.691581, 1766527687.226275, 1766527688.89346]
47b20a11;P10;23/12/25;17:09:09;3;8;[1766527712.0729332, 1766527712.172124, 1766527720.8426812, 1766527721.509394, 1766527721.6426082, 1766527722.1763241, 1766527737.384463, 1766527743.088605]
47b20a11;P10;23/12/25;17:10:09;4;26;[1766527761.329664, 1766527762.097441, 1766527762.729447, 1766527781.873378, 1766527782.173794, 1766527788.642747, 1766527795.879873, 1766527796.545857, 1766527796.7140732, 1766527797.1146822, 1766527797.182154, 1766527797.346956, 1766527797.414484, 1766527799.1839721, 1766527799.348628, 1766527799.648591, 1766527803.9857988, 1766527804.218116, 1766527804.617516, 1766527806.552293, 1766527807.2527812, 1766527807.35243, 1766527807.5879638, 1766527808.152881, 1766527808.219685, 1766527808.486656]
2d5c7720;P11;23/12/25;17:25:11;1;10;[1766528653.870097, 1766528660.8082838, 1766528668.11023, 1766528670.443938, 1766528671.245001, 1766528687.986615, 1766528688.354492, 1766528688.4542348, 1766528702.161122, 1766528702.293259]
2d5c7720;P11;23/12/25;17:26:11;2;7;[1766528716.300101, 1766528716.5336761, 1766528735.6770308, 1766528742.74596, 1766528743.4472802, 1766528754.452224, 1766528769.1588411]
2d5c7720;P11;23/12/25;17:27:11;3;71;[1766528772.725775, 1766528772.8263922, 1766528774.227765, 1766528782.600287, 1766528786.367861, 1766528788.669743, 1766528789.003521, 1766528789.7021031, 1766528793.205238, 1766528793.771071, 1766528793.837285, 1766528795.538948, 1766528802.9082801, 1766528804.009985, 1766528804.0766919, 1766528804.2114618, 1766528804.375722, 1766528804.442503, 1766528807.011413, 1766528809.079253, 1766528809.27921, 1766528810.345071, 1766528810.81303, 1766528811.013487, 1766528814.180866, 1766528815.215869, 1766528815.6483421, 1766528815.7143822, 1766528816.816969, 1766528817.3481102, 1766528817.4168751, 1766528817.5153348, 1766528817.64886, 1766528817.7825348, 1766528817.8835368, 1766528817.949107, 1766528818.182338, 1766528818.6174679, 1766528818.883874, 1766528819.18349, 1766528819.2497752, 1766528819.3502789, 1766528819.4844449, 1766528820.183306, 1766528820.516957, 1766528820.818597, 1766528820.95062, 1766528821.384096, 1766528823.820797, 1766528827.0215812, 1766528827.954038, 1766528828.388064, 1766528829.022275, 1766528829.2549272, 1766528829.521784, 1766528829.588584, 1766528829.855127, 1766528830.321978, 1766528830.489198, 1766528830.555155, 1766528830.755614, 1766528830.8557389, 1766528830.9222422, 1766528831.0232441, 1766528831.223959, 1766528831.290168, 1766528831.42363, 1766528831.4895842, 1766528831.6553862, 1766528831.7564118, 1766528831.824212]
2d5c7720;P11;23/12/25;17:28:11;4;128;[1766528831.890252, 1766528831.9890409, 1766528832.155614, 1766528832.392407, 1766528832.5558789, 1766528832.689813, 1766528832.8238301, 1766528833.224885, 1766528833.424288, 1766528833.523662, 1766528833.624654, 1766528833.756598, 1766528834.123744, 1766528834.324341, 1766528834.523922, 1766528834.757453, 1766528834.827169, 1766528835.09175, 1766528835.357389, 1766528835.524756, 1766528835.5908852, 1766528835.7913642, 1766528835.858091, 1766528835.958542, 1766528836.092499, 1766528836.1582232, 1766528836.2926168, 1766528836.391469, 1766528838.125464, 1766528838.3256488, 1766528838.392503, 1766528838.5588422, 1766528838.792393, 1766528838.926014, 1766528839.227456, 1766528839.294306, 1766528839.3593988, 1766528839.4937432, 1766528839.793514, 1766528840.326505, 1766528840.627616, 1766528840.993469, 1766528841.159809, 1766528841.2602298, 1766528841.4608, 1766528841.5598369, 1766528841.660168, 1766528841.895113, 1766528842.2281952, 1766528842.360798, 1766528842.6284301, 1766528842.794087, 1766528842.8606238, 1766528843.0298, 1766528843.128054, 1766528843.2952251, 1766528845.69614, 1766528847.195978, 1766528847.53022, 1766528858.201704, 1766528859.837848, 1766528861.136631, 1766528861.604059, 1766528862.0037508, 1766528862.070482, 1766528862.337214, 1766528862.737323, 1766528863.971552, 1766528864.0716019, 1766528865.105938, 1766528865.205424, 1766528865.405359, 1766528865.472332, 1766528865.605091, 1766528865.738925, 1766528865.972794, 1766528866.172826, 1766528866.373217, 1766528866.8061812, 1766528867.641333, 1766528867.940267, 1766528868.042467, 1766528868.206733, 1766528868.308068, 1766528868.606656, 1766528868.707963, 1766528868.807157, 1766528868.874175, 1766528869.074079, 1766528869.242374, 1766528869.443011, 1766528869.7408, 1766528870.20805, 1766528870.374624, 1766528870.4434402, 1766528870.574646, 1766528870.642522, 1766528870.774118, 1766528870.8425732, 1766528871.340962, 1766528872.274987, 1766528872.375176, 1766528872.4757462, 1766528872.6440792, 1766528873.643435, 1766528875.876645, 1766528876.743694, 1766528877.010272, 1766528877.144133, 1766528877.577135, 1766528877.744407, 1766528877.845779, 1766528878.112041, 1766528879.8785448, 1766528882.448365, 1766528884.6497018, 1766528885.282248, 1766528885.582056, 1766528885.71623, 1766528885.7820318, 1766528885.981737, 1766528886.116117, 1766528886.25037, 1766528888.3498318, 1766528890.284083, 1766528890.3510258, 1766528891.284487, 1766528891.7515268]
0f2ec0a2;P01;02/01/26;20:51:37;1;3;[1767405066.014107, 1767405067.8850062, 1767405078.088264]
0f2ec0a2;P01;02/01/26;20:52:37;2;9;[1767405101.83152, 1767405110.9349608, 1767405131.911367, 1767405137.016753, 1767405143.090421, 1767405144.7901802, 1767405145.624201, 1767405146.155707, 1767405149.559125]
0f2ec0a2;P01;02/01/26;20:53:37;3;4;[1767405162.732708, 1767405165.367985, 1767405169.134829, 1767405176.573571]
0f2ec0a2;P01;02/01/26;20:54:37;4;3;[1767405224.262856, 1767405225.3618, 1767405259.3836448]
c4083336;P01;02/01/26;21:18:08;1;7;[1767406635.288615, 1767406639.888354, 1767406649.597984, 1767406650.559752, 1767406658.8319879, 1767406671.736809, 1767406673.177547]
c4083336;P01;02/01/26;21:19:08;2;14;[1767406708.088217, 1767406709.4584692, 1767406712.892921, 1767406716.996138, 1767406717.496211, 1767406717.661431, 1767406717.727913, 1767406717.830865, 1767406718.9283001, 1767406719.430639, 1767406724.295511, 1767406726.198509, 1767406731.968416, 1767406732.535845]
c4083336;P01;02/01/26;21:20:08;3;4;[1767406777.791641, 1767406779.925729, 1767406783.395185, 1767406790.834335]
c4083336;P01;02/01/26;21:21:08;4;40;[1767406810.573257, 1767406818.081567, 1767406818.340574, 1767406834.688905, 1767406835.253333, 1767406837.0570161, 1767406838.3847091, 1767406838.553385, 1767406838.922413, 1767406842.4905112, 1767406845.75957, 1767406847.227038, 1767406847.426476, 1767406847.7244968, 1767406848.325813, 1767406848.394149, 1767406848.4952111, 1767406848.726942, 1767406848.8220081, 1767406849.1620538, 1767406849.262353, 1767406849.3282518, 1767406849.4273129, 1767406849.526239, 1767406849.627736, 1767406849.727929, 1767406849.8627331, 1767406850.028964, 1767406850.09742, 1767406850.1594691, 1767406850.3934379, 1767406850.4960582, 1767406850.8616571, 1767406851.561588, 1767406852.295105, 1767406852.497185, 1767406852.693185, 1767406853.093027, 1767406858.862496, 1767406859.628309]
c4083336;P01;02/01/26;21:22:08;5;3;[1767406877.458273, 1767406888.129576, 1767406926.846199]
b4627514;P12;02/01/26;22:00:58;1;10;[1767409200.6909351, 1767409214.529145, 1767409217.796948, 1767409220.066165, 1767409221.56498, 1767409224.530726, 1767409225.9678562, 1767409236.7050219, 1767409245.309267, 1767409250.4114728]
b4627514;P12;02/01/26;22:01:58;2;6;[1767409264.1849349, 1767409277.4595578, 1767409278.427136, 1767409283.7657652, 1767409295.296273, 1767409307.671916]
b4627514;P12;02/01/26;22:02:58;3;21;[1767409323.048237, 1767409323.582371, 1767409323.944297, 1767409330.318261, 1767409332.6495922, 1767409334.752037, 1767409336.8529909, 1767409338.88687, 1767409343.690239, 1767409346.8587918, 1767409347.357942, 1767409348.259348, 1767409349.359815, 1767409350.295875, 1767409352.0278132, 1767409353.295627, 1767409355.09571, 1767409356.697349, 1767409358.730989, 1767409367.837271, 1767409373.970602]
b4627514;P12;02/01/26;22:03:58;4;21;[1767409383.642986, 1767409384.9797251, 1767409385.743062, 1767409386.2111008, 1767409387.0461981, 1767409387.548008, 1767409388.2148101, 1767409388.677305, 1767409391.047486, 1767409404.153593, 1767409404.686817, 1767409405.0220082, 1767409405.285496, 1767409405.552002, 1767409405.824288, 1767409406.127591, 1767409406.521489, 1767409406.885958, 1767409410.026345, 1767409419.562242, 1767409433.0361211]
b4627514;P12;02/01/26;22:04:58;5;15;[1767409448.5831602, 1767409449.243791, 1767409454.5766, 1767409454.911718, 1767409467.217313, 1767409467.752258, 1767409468.417872, 1767409476.289501, 1767409482.7235148, 1767409482.991483, 1767409493.466186, 1767409494.063927, 1767409494.465004, 1767409496.4696598, 1767409496.8997529]
291a9243;P12;02/01/26;22:10:52;1;22;[1767409794.446173, 1767409797.411556, 1767409797.64902, 1767409799.31144, 1767409802.312284, 1767409803.411691, 1767409809.18014, 1767409809.747626, 1767409810.114214, 1767409816.983476, 1767409824.1573179, 1767409825.153216, 1767409825.792514, 1767409826.693032, 1767409827.957366, 1767409828.226281, 1767409828.8244438, 1767409830.262408, 1767409831.129347, 1767409832.425222, 1767409838.897992, 1767409839.866863]
291a9243;P12;02/01/26;22:11:52;2;7;[1767409859.5382872, 1767409870.681728, 1767409886.454151, 1767409900.9619908, 1767409904.3955688, 1767409904.99716, 1767409912.2001312]
291a9243;P12;02/01/26;22:12:52;3;16;[1767409912.7700212, 1767409913.599205, 1767409914.632923, 1767409915.367063, 1767409918.602239, 1767409919.170639, 1767409920.735578, 1767409922.604866, 1767409923.270989, 1767409931.9086459, 1767409932.5788832, 1767409956.551282, 1767409960.714145, 1767409964.080409, 1767409968.949336, 1767409970.814284]
291a9243;P12;02/01/26;22:13:52;4;21;[1767409975.015423, 1767409977.148981, 1767409980.579835, 1767409984.718942, 1767409992.1869981, 1767409992.552033, 1767409999.790316, 1767410015.395968, 1767410017.063282, 1767410017.797138, 1767410019.898367, 1767410020.167875, 1767410022.033737, 1767410022.5982919, 1767410022.9008489, 1767410026.935246, 1767410028.237716, 1767410030.072868, 1767410030.37115, 1767410031.270245, 1767410031.7068539]
291a9243;P12;02/01/26;22:14:52;5;23;[1767410033.502174, 1767410035.474005, 1767410036.207793, 1767410036.5398521, 1767410037.208416, 1767410041.543454, 1767410051.2788742, 1767410054.6141372, 1767410054.9485052, 1767410058.6160798, 1767410058.985621, 1767410061.956882, 1767410065.253555, 1767410070.221911, 1767410073.161104, 1767410075.326184, 1767410077.2621598, 1767410081.3605802, 1767410081.657892, 1767410081.965974, 1767410083.395962, 1767410086.6305861, 1767410088.898883]
67764152;P12;02/01/26;22:19:40;1;29;[1767410322.120429, 1767410322.82185, 1767410323.71941, 1767410325.255348, 1767410325.622252, 1767410326.225069, 1767410326.886668, 1767410327.95957, 1767410331.391486, 1767410331.9562619, 1767410332.756772, 1767410333.0237088, 1767410333.5578592, 1767410333.6570601, 1767410336.155591, 1767410336.490929, 1767410338.892513, 1767410339.556059, 1767410342.928519, 1767410344.593601, 1767410345.894999, 1767410348.430395, 1767410356.1018748, 1767410358.199931, 1767410363.673326, 1767410366.0733051, 1767410369.3042629, 1767410371.705672, 1767410379.377604]
67764152;P12;02/01/26;22:20:40;2;27;[1767410380.2779741, 1767410381.310538, 1767410381.6130161, 1767410381.978515, 1767410382.44525, 1767410383.1805608, 1767410383.512494, 1767410384.080624, 1767410384.846692, 1767410385.18256, 1767410387.5140102, 1767410393.0217412, 1767410395.322722, 1767410398.089323, 1767410399.459506, 1767410401.355082, 1767410401.6923132, 1767410405.3900318, 1767410410.559519, 1767410417.761614, 1767410423.331126, 1767410429.838867, 1767410432.439989, 1767410435.5743449, 1767410435.775593, 1767410438.750705, 1767410439.043367]
67764152;P12;02/01/26;22:21:40;3;20;[1767410440.3109398, 1767410440.580377, 1767410441.975616, 1767410444.575825, 1767410444.876898, 1767410445.518869, 1767410447.976207, 1767410449.1097379, 1767410451.412514, 1767410452.21342, 1767410453.849369, 1767410454.118613, 1767410454.448385, 1767410454.9161441, 1767410473.89484, 1767410475.7925508, 1767410476.159405, 1767410482.2963042, 1767410482.5617652, 1767410498.270911]
67764152;P12;02/01/26;22:22:40;4;9;[1767410503.4734411, 1767410503.772018, 1767410520.0135639, 1767410520.176738, 1767410532.353428, 1767410549.596425, 1767410552.33384, 1767410552.594497, 1767410555.838955]
67764152;P12;02/01/26;22:23:40;5;27;[1767410563.469957, 1767410574.105325, 1767410574.406133, 1767410576.94327, 1767410583.508204, 1767410584.282971, 1767410584.5442822, 1767410586.909309, 1767410587.5484512, 1767410588.2134871, 1767410588.911822, 1767410589.780434, 1767410591.2785332, 1767410593.011572, 1767410593.983744, 1767410594.3496041, 1767410595.017024, 1767410598.8504472, 1767410599.854056, 1767410600.885134, 1767410603.6541781, 1767410609.420762, 1767410609.7909288, 1767410609.9916348, 1767410610.0578308, 1767410611.559399, 1767410615.592214]
0c029f2e;P02;03/01/26;15:37:24;1;17;[1767472584.301165, 1767472589.303401, 1767472592.50074, 1767472600.536115, 1767472602.974307, 1767472603.292992, 1767472605.865749, 1767472607.099232, 1767472607.425587, 1767472611.0337799, 1767472614.025204, 1767472618.863202, 1767472623.293749, 1767472624.6859488, 1767472628.337109, 1767472633.335215, 1767472638.424743]
0c029f2e;P02;03/01/26;15:38:24;2;22;[1767472644.409769, 1767472645.4359732, 1767472648.669426, 1767472649.528754, 1767472656.419723, 1767472657.4029708, 1767472657.733345, 1767472660.681868, 1767472661.215976, 1767472661.547285, 1767472667.21013, 1767472672.085696, 1767472673.025429, 1767472673.351459, 1767472673.8025548, 1767472684.666386, 1767472689.5488782, 1767472691.8067682, 1767472692.3342772, 1767472695.2879272, 1767472698.5683498, 1767472703.365207]
0c029f2e;P02;03/01/26;15:39:24;3;30;[1767472711.769529, 1767472714.26846, 1767472717.2255628, 1767472721.7305028, 1767472724.560705, 1767472726.731285, 1767472729.0726342, 1767472729.9294689, 1767472735.134075, 1767472735.8771682, 1767472739.3704588, 1767472744.175274, 1767472744.5079732, 1767472744.829952, 1767472746.7015839, 1767472747.367658, 1767472747.6844869, 1767472747.929062, 1767472748.302207, 1767472750.802332, 1767472753.836129, 1767472756.746033, 1767472758.638881, 1767472759.493875, 1767472759.941749, 1767472760.805971, 1767472761.627916, 1767472762.1586208, 1767472762.896081, 1767472764.168138]
0c029f2e;P02;03/01/26;15:40:24;4;37;[1767472766.337711, 1767472767.695959, 1767472772.694814, 1767472775.036546, 1767472775.7077482, 1767472780.933996, 1767472781.881666, 1767472782.20399, 1767472782.498253, 1767472784.134707, 1767472786.883658, 1767472787.835841, 1767472789.217828, 1767472791.76384, 1767472794.3120089, 1767472795.4151092, 1767472795.826951, 1767472796.1554859, 1767472797.83842, 1767472802.226621, 1767472807.112988, 1767472807.55789, 1767472807.685227, 1767472808.300973, 1767472808.506635, 1767472810.718634, 1767472810.965557, 1767472811.252186, 1767472811.4962618, 1767472815.022362, 1767472815.651423, 1767472816.377401, 1767472817.455622, 1767472820.322572, 1767472821.213197, 1767472823.516418, 1767472823.929655]
0ef5b55d;P01;03/01/26;16:10:50;1;2;[1767474594.478123, 1767474602.228714]
0ef5b55d;P01;03/01/26;16:11:50;2;4;[1767474669.9992058, 1767474700.6275148, 1767474705.8758621, 1767474706.491446]
0ef5b55d;P01;03/01/26;16:12:50;3;2;[1767474733.87713, 1767474765.323332]
0ef5b55d;P01;03/01/26;16:13:50;4;3;[1767474777.629809, 1767474794.886851, 1767474806.162185]
0ef5b55d;P01;03/01/26;16:14:50;5;10;[1767474833.3560278, 1767474844.8240519, 1767474845.807317, 1767474846.9945228, 1767474848.6777222, 1767474849.1271129, 1767474850.691361, 1767474851.262173, 1767474853.558211, 1767474857.1218429]
